"","height","weight","scars","colour","teeth","age","genus_species","BMI","age_group"
"1",50.7345530226297,14.5162218711298,3,"black",28,1255.08872501735,"Jaggermeryx whido",24.8662431217825,"jouvenile"
"2",45.451121110531,11.9357283446161,7,"blue",29,1498.94570534271,"Sauroniops naida",25.4755741509738,"jouvenile"
"3",46.5581219412185,12.1157970840992,3,"blue",0,710.395094218118,"Sauroniops reike",24.6448023417961,"dragonling"
"4",46.1461861822561,14.4241524062253,8,"blue",4,1016.37428062828,"Sauroniops reike",29.8664036042684,"jouvenile"
"5",50.7780342264257,13.1572887723839,5,"blue",3,885.955320495725,"Sauroniops reike",22.499812225986,"dragonling"
"6",44.0645383018241,11.6852207146395,45,"blue",14,2597.29164251762,"Sauroniops naida",26.5352220940584,"adult"
"7",46.885480694298,13.463929133362,12,"black",6,1205.22792237213,"Jaggermeryx whido",27.0059417284672,"jouvenile"
"8",45.3594877790848,12.368261874523,12,"blue",14,1353.08992108684,"Sauroniops naida",26.5055392221575,"jouvenile"
"9",44.0362002173748,11.8620786232044,13,"blue",12,1354.06516200188,"Sauroniops naida",26.9715172641615,"jouvenile"
"10",64.6221085890198,19.1020977556607,4,"blue",21,1174.35037637293,"Sauroniops reike",20.168939761917,"jouvenile"
"11",43.2208849304695,13.5114064783778,25,"blue",30,2209.82712681291,"Sauroniops naida",31.891687901232,"adult"
"12",45.3225261370295,12.4147683154981,4,"blue",39,1544.99070701046,"Sauroniops naida",26.6486159557082,"jouvenile"
"13",52.8699275955687,17.9282024565866,14,"blue",18,1523.33579330462,"Sauroniops naida",28.280271316045,"jouvenile"
"14",50.3501262054834,13.7854642985215,10,"blue",5,1100.41899280629,"Sauroniops reike",23.9764303997806,"jouvenile"
"15",53.6537978283432,13.5420061978835,44,"blue",32,2898.42069399926,"Sauroniops naida",20.7417944628944,"adult"
"16",52.2099229850422,13.5076529660399,18,"blue",3,1383.70279813178,"Sauroniops naida",21.8493259871302,"jouvenile"
"17",51.0217308891006,13.6747765122726,0,"blue",13,750.216371265156,"Sauroniops reike",23.161896516694,"dragonling"
"18",49.51082970352,13.1583494942771,5,"blue",33,1450.09016388934,"Sauroniops naida",23.6682018183614,"jouvenile"
"19",51.380746402169,13.5616768869026,2,"blue",15,950.038789833084,"Sauroniops reike",22.6504497668644,"dragonling"
"20",56.5349176108608,14.449505826732,19,"blue",37,1984.55000800102,"Sauroniops naida",19.9335074305272,"jouvenile"
"21",51.91828438108,14.8520784252162,11,"blue",3,1104.29684475834,"Sauroniops reike",24.2946598589371,"jouvenile"
"22",52.5858791760558,14.6460966185622,9,"blue",3,919.144916867215,"Sauroniops reike",23.3532791941374,"dragonling"
"23",57.18997659366,14.9825950498213,0,"blue",1,588.235127476252,"Sauroniops reike",20.1981437640987,"dragonling"
"24",51.3272113249217,15.3243158041298,0,"blue",18,966.149007224065,"Sauroniops reike",25.647793611521,"dragonling"
"25",51.3568845775276,12.9808210235164,13,"blue",31,1741.46539654949,"Sauroniops naida",21.700466792136,"jouvenile"
"26",42.8834574665563,11.256852725707,1,"blue",15,960.814121015915,"Sauroniops reike",26.9899234870339,"dragonling"
"27",51.7919425477154,13.5491489613601,2,"blue",39,1382.32978287178,"Sauroniops naida",22.2716232805994,"jouvenile"
"28",42.506582302314,11.0143559792295,17,"blue",19,1556.66091841,"Sauroniops naida",26.878868892877,"jouvenile"
"29",58.9340547566548,16.0714736166284,1,"blue",15,938.985010155488,"Sauroniops reike",20.4026843305505,"dragonling"
"30",52.127069911834,13.2343310666207,2,"blue",15,988.475990034092,"Sauroniops reike",21.4753189335277,"dragonling"
"31",53.238034845283,14.3335465799946,3,"blue",2,654.528597843164,"Sauroniops reike",22.2984094013519,"dragonling"
"32",41.834321394891,11.5684639988868,4,"blue",12,891.116308206721,"Sauroniops reike",29.1457004693146,"dragonling"
"33",52.5932379961653,13.6457526139143,7,"blue",5,992.301224303481,"Sauroniops reike",21.7521369674633,"dragonling"
"34",47.2434340361554,11.8578227497649,1,"blue",8,803.848888765674,"Sauroniops reike",23.4253610378458,"dragonling"
"35",42.3663310566971,11.5895364491328,5,"blue",39,1498.67713620879,"Sauroniops naida",28.4700749007762,"jouvenile"
"36",51.612757524759,13.6423185141478,26,"blue",26,2161.61421260919,"Sauroniops naida",22.5807475000153,"adult"
"37",45.5593042662842,11.609272428173,16,"blue",34,1790.47126263876,"Sauroniops naida",24.6612502953461,"jouvenile"
"38",48.6741582292724,13.6710133264398,5,"blue",14,1093.17914747078,"Sauroniops reike",25.4429850424567,"jouvenile"
"39",55.948113803804,16.1163784226019,20,"blue",22,1811.74945615292,"Sauroniops naida",22.7018271273125,"jouvenile"
"40",46.5605999713454,13.2705427788677,36,"blue",31,2644.83660695651,"Sauroniops naida",26.9908030123556,"adult"
"41",55.0610380012636,15.794970517617,2,"blue",29,1229.56924217845,"Sauroniops naida",22.9717608278947,"jouvenile"
"42",51.2703027980106,13.9861441308604,4,"blue",18,1040.73019169817,"Sauroniops reike",23.4601340779271,"jouvenile"
"43",51.9881035218687,13.8444530691403,2,"blue",13,972.208088989736,"Sauroniops reike",22.5856247584725,"dragonling"
"44",47.7207105141577,12.2938141920715,5,"blue",15,1035.19891792073,"Sauroniops reike",23.8032960170503,"jouvenile"
"45",60.0960215690127,15.9564861651471,3,"blue",34,1387.28528348129,"Sauroniops naida",19.4809472716558,"jouvenile"
"46",48.7442800806593,12.205086841683,10,"blue",26,1409.49836515438,"Sauroniops naida",22.649457688996,"jouvenile"
"47",42.3712944414122,11.6088385517798,9,"blue",11,1066.01160406357,"Sauroniops reike",28.5108104447977,"jouvenile"
"48",51.4030544163887,13.1166102109068,1,"blue",9,814.864416121994,"Sauroniops reike",21.8880975678131,"dragonling"
"49",52.817145322737,13.5810890940219,3,"blue",39,1472.22365663973,"Sauroniops naida",21.4658951695629,"jouvenile"
"50",65.8161576313223,16.7462214286736,22,"blue",17,1845.4138695737,"Sauroniops naida",17.0457468999074,"jouvenile"
"51",40.765559200138,10.7267802575729,6,"blue",16,1173.60113922151,"Sauroniops reike",28.4607821385342,"jouvenile"
"52",53.2534396550916,13.9927781847147,6,"blue",26,1333.74185006322,"Sauroniops naida",21.7556907259013,"jouvenile"
"53",44.6462845805327,12.4025575323365,5,"blue",32,1419.55611106994,"Sauroniops naida",27.4349933367083,"jouvenile"
"54",50.2595930268066,15.3147110812272,30,"blue",13,2065.33087555397,"Sauroniops naida",26.7322262382287,"adult"
"55",47.2641308248778,12.2743851853718,5,"blue",37,1525.92131150126,"Sauroniops naida",24.2270564638778,"jouvenile"
"56",40.4179596547523,10.7208724459755,4,"blue",14,1034.08555757624,"Sauroniops reike",28.9364741380619,"jouvenile"
"57",44.4870735054921,11.3249862269054,7,"blue",33,1535.31941287047,"Sauroniops naida",25.2309883260295,"jouvenile"
"58",51.1535904709668,13.1109443768964,47,"blue",36,3105.16909101783,"Sauroniops naida",22.0925570677007,"adult"
"59",45.8670187135816,11.7662562050305,0,"blue",9,649.922117724796,"Sauroniops reike",24.6604802891222,"dragonling"
"60",46.3275430100635,11.9660248175894,9,"blue",39,1727.78367903446,"Sauroniops naida",24.58304173661,"jouvenile"
"61",57.4070969578557,14.5255171354098,3,"blue",28,1281.21208682412,"Sauroniops naida",19.4341113751389,"jouvenile"
"62",53.2724509021329,13.4394427107646,4,"blue",21,1195.47474571082,"Sauroniops reike",20.8804647030445,"jouvenile"
"63",46.2354544913072,11.8884280377452,6,"blue",25,1244.65318239762,"Sauroniops naida",24.5210140541232,"jouvenile"
"64",61.8554490728295,15.7536609913503,17,"black",39,2081.48757427745,"Jaggermeryx strummeri",18.1547311586447,"adult"
"65",50.5522940860381,17.8669599336721,8,"blue",24,1445.05273125656,"Sauroniops naida",30.8271361775201,"jouvenile"
"66",50.6499689897453,15.1962111033619,26,"blue",35,2359.59661305867,"Sauroniops naida",26.1180774610916,"adult"
"67",42.7127714622086,12.2024229880344,4,"blue",6,877.00824084749,"Sauroniops reike",29.4913617625656,"dragonling"
"68",53.9707936810528,14.2562336199081,4,"blue",25,1278.57183719255,"Sauroniops naida",21.58000044248,"jouvenile"
"69",38.5493836412491,10.0148846351147,2,"blue",1,714.878991555859,"Sauroniops reike",29.7149722345416,"dragonling"
"70",55.6655307839876,15.4153745373632,2,"blue",28,1222.12258857394,"Sauroniops naida",21.935403469124,"jouvenile"
"71",53.138755638134,13.6307509094431,6,"blue",18,1194.83730625053,"Sauroniops reike",21.2843933388659,"jouvenile"
"72",51.1647275463067,14.160320315476,8,"blue",32,1465.16501117722,"Sauroniops naida",23.8504183331028,"jouvenile"
"73",48.176595968998,13.2359036807163,4,"blue",12,885.347835589662,"Sauroniops reike",25.1446521447352,"dragonling"
"74",41.4721289123706,11.0339995635515,8,"blue",35,1517.26587124514,"Sauroniops naida",28.2868480736098,"jouvenile"
"75",57.1914744644462,14.3064060805325,1,"blue",30,1223.6730381154,"Sauroniops naida",19.2855583336663,"jouvenile"
"76",51.0669364442678,12.7918201395229,6,"blue",29,1413.80425056886,"Sauroniops naida",21.6280313133458,"jouvenile"
"77",42.6201999375158,12.6263796733208,14,"blue",9,1361.89112850685,"Sauroniops naida",30.6487053545309,"jouvenile"
"78",46.0549267423099,11.7492690208541,0,"blue",31,1228.09051522299,"Sauroniops naida",24.4243441831475,"jouvenile"
"79",57.5418041170627,14.7380658106193,1,"blue",37,1381.38000451606,"Sauroniops naida",19.6262713042739,"jouvenile"
"80",47.3218191117476,12.7363259493992,3,"blue",14,995.819495612194,"Sauroniops reike",25.0775761535199,"dragonling"
"81",49.0361404300665,12.753310432152,13,"blue",11,1320.46230342689,"Sauroniops naida",23.3859289551648,"jouvenile"
"82",41.3744768545445,11.6029070552122,1,"blue",5,633.66863241461,"Sauroniops reike",29.8858792490631,"dragonling"
"83",51.312442945657,15.0466154166088,7,"blue",21,1308.75770311721,"Sauroniops naida",25.1975138588677,"jouvenile"
"84",37.9625767133653,10.5320753650201,21,"blue",2,1471.1796862408,"Sauroniops naida",32.2230650616365,"jouvenile"
"85",60.3298201135081,15.4120934238355,4,"blue",30,1252.15990509057,"Sauroniops naida",18.6707527281911,"jouvenile"
"86",48.5180115133171,12.5334181535437,3,"blue",24,1098.11167173077,"Sauroniops reike",23.4761998519693,"jouvenile"
"87",44.9568360642729,12.6734488542565,2,"blue",25,1186.66395209301,"Sauroniops reike",27.6482465244253,"jouvenile"
"88",55.6759042766987,14.0290807790383,5,"blue",39,1477.95721230757,"Sauroniops naida",19.9553299051692,"jouvenile"
"89",71.8588763534058,18.3265561471452,3,"blue",31,1350.68812703097,"Sauroniops naida",15.6489164919525,"jouvenile"
"90",51.5778945763901,14.0101876632899,6,"blue",12,1046.43385881081,"Sauroniops reike",23.2210036864676,"jouvenile"
"91",56.7235777635096,14.1883860760361,24,"blue",26,2088.06881428502,"Sauroniops naida",19.4433019788717,"adult"
"92",67.0156817028634,16.8990760082928,56,"blue",15,3105.728231468,"Sauroniops naida",16.5910676815559,"adult"
"93",38.6736526118004,13.4043727478093,5,"blue",3,883.684462937453,"Sauroniops reike",39.5166724897007,"dragonling"
"94",53.9420994494708,14.0944134013877,2,"blue",9,888.387736196613,"Sauroniops reike",21.3577535067102,"dragonling"
"95",44.8846545267311,12.1965539405465,4,"blue",12,1006.3404201665,"Sauroniops reike",26.6935062052321,"jouvenile"
"96",50.7044973539558,12.9096062923408,6,"blue",12,1008.53360910574,"Sauroniops reike",22.1403401678,"jouvenile"
"97",47.0786874613952,11.9704924307289,7,"black",37,1630.35024038446,"Jaggermeryx whido",23.8137384157976,"jouvenile"
"98",48.9523836846252,12.6628464463139,4,"blue",20,1178.0053560732,"Sauroniops reike",23.2995700649442,"jouvenile"
"99",52.1429870219593,13.1678647603297,2,"blue",7,789.591620598597,"Sauroniops reike",21.3544209838669,"dragonling"
"100",51.4063393482839,13.6136270247562,1,"blue",5,751.620293029143,"Sauroniops reike",22.714581804121,"dragonling"
"101",51.1624405232162,13.0914966044225,1,"blue",17,1002.79307350046,"Sauroniops reike",22.0521555369763,"jouvenile"
"102",48.9411516754396,12.5297059547496,10,"blue",4,1078.18191074805,"Sauroniops reike",23.0651755552492,"jouvenile"
"103",59.5161319982772,15.5391284733207,12,"blue",17,1422.94715181385,"Sauroniops naida",19.342896848673,"jouvenile"
"104",44.3920776941179,11.252212786617,1,"blue",29,1250.54103612462,"Sauroniops naida",25.1762618952215,"jouvenile"
"105",47.6496476583907,15.4717947155679,3,"blue",18,982.441161068273,"Sauroniops reike",30.0459238541137,"dragonling"
"106",53.0972921360798,16.141133815072,5,"blue",3,867.768227270135,"Sauroniops reike",25.2437311495637,"dragonling"
"107",54.4109223897968,14.953936752901,4,"blue",34,1462.51703696059,"Sauroniops naida",22.2714051305687,"jouvenile"
"108",60.1311270721319,15.9023175085107,7,"blue",4,953.219045232755,"Sauroniops reike",19.3921511342944,"dragonling"
"109",60.6609287290402,16.3065959808587,3,"blue",22,1169.25676621252,"Sauroniops reike",19.5393204671775,"jouvenile"
"110",51.0810360050448,14.1016407058775,6,"blue",20,1139.38890258344,"Sauroniops reike",23.8294767686803,"jouvenile"
"111",66.213543544566,18.8052450170407,0,"blue",5,673.921436623915,"Sauroniops reike",18.912528269511,"dragonling"
"112",61.9014763644917,15.7352149629257,0,"blue",39,1379.9069522763,"Sauroniops naida",18.1065171808134,"jouvenile"
"113",38.2641310985479,10.3106691617135,4,"blue",17,1086.87471164582,"Sauroniops reike",31.0504140192271,"jouvenile"
"114",51.8725339137347,13.06088291156,1,"blue",27,1192.47196059474,"Sauroniops reike",21.4023698433547,"jouvenile"
"115",43.0326068641577,11.3504016198673,3,"blue",12,989.537772378949,"Sauroniops reike",27.0259004078246,"dragonling"
"116",50.3753455868148,13.0678207314786,10,"blue",33,1679.85320638431,"Sauroniops naida",22.7055144364134,"jouvenile"
"117",46.8957141792161,13.9572647195386,15,"blue",23,1673.85373003582,"Sauroniops naida",27.9832570839998,"jouvenile"
"118",51.2155768021794,13.8175328310122,46,"blue",9,2499.62889452231,"Sauroniops naida",23.2268665038583,"adult"
"119",43.0102511379338,11.5350471947721,4,"black",34,1443.40206315891,"Jaggermeryx whido",27.4941105143747,"jouvenile"
"120",42.816598871846,11.4329010215476,18,"blue",3,1283.96870060642,"Sauroniops naida",27.4976997983635,"jouvenile"
"121",49.7250278983135,13.940774039321,13,"blue",10,1303.22419137135,"Sauroniops naida",24.8599970132658,"jouvenile"
"122",44.3490547085982,11.159430609347,0,"blue",9,692.8675499419,"Sauroniops reike",25.0171340938004,"dragonling"
"123",42.1686186384813,11.7003672924505,20,"blue",39,2183.41074175263,"Sauroniops naida",29.0124898156834,"adult"
"124",44.4323444394388,11.1830027604008,6,"blue",20,1220.38036313604,"Sauroniops naida",24.9760772550606,"jouvenile"
"125",56.9779940321453,14.585673558511,39,"blue",15,2493.45246512365,"Sauroniops naida",19.8096331819454,"adult"
"126",42.8789713495844,12.3168694624073,13,"blue",15,1330.92300334517,"Sauroniops naida",29.5376457269699,"jouvenile"
"127",44.7062252049618,11.272011629495,2,"blue",25,1159.66900213456,"Sauroniops reike",24.8673599217749,"jouvenile"
"128",71.614824056372,18.0476835467219,6,"blue",11,959.120284243494,"Sauroniops reike",15.5160033201621,"dragonling"
"129",60.894709420177,15.7952376908555,9,"blue",12,1091.49444543688,"Sauroniops reike",18.7815441676108,"jouvenile"
"130",43.7540020118755,13.0205800046654,4,"blue",38,1537.61903374514,"Sauroniops naida",29.9887953595426,"jouvenile"
"131",43.8054439509111,11.8887046819554,6,"blue",9,945.234840445997,"Sauroniops reike",27.3176050685078,"dragonling"
"132",53.3747498337064,13.6391648026648,50,"blue",29,3186.79710804011,"Sauroniops naida",21.1096157018802,"adult"
"133",45.7311773294199,13.6502166406292,13,"blue",20,1519.50424381239,"Sauroniops naida",28.779221029609,"jouvenile"
"134",48.8413150436473,13.3228078422472,2,"blue",19,1035.10010735681,"Sauroniops reike",24.6255149928164,"jouvenile"
"135",46.1529239310779,11.5901719755684,1,"blue",31,1259.98005389454,"Sauroniops naida",23.9914057059189,"jouvenile"
"136",58.1865562346114,14.5995616125013,8,"blue",4,980.460398943207,"Sauroniops reike",19.0133552078102,"dragonling"
"137",46.9142972636596,11.7758752962882,3,"blue",33,1278.81079247587,"Sauroniops naida",23.5910364893986,"jouvenile"
"138",45.1289463164259,11.5226810120505,35,"blue",17,2336.32204138809,"Sauroniops naida",24.946372741381,"adult"
"139",53.327989972246,14.7967637807048,3,"black",27,1288.17306789877,"Jaggermeryx whido",22.9414342967658,"jouvenile"
"140",33.706729635804,8.66967451670744,2,"blue",8,872.17672409099,"Sauroniops reike",33.6460288664632,"dragonling"
"141",53.3148760637294,14.205316006697,39,"blue",26,2561.08625057947,"Sauroniops naida",22.0352684857179,"adult"
"142",49.4276886325942,12.5599965309877,5,"blue",40,1583.86944992073,"Sauroniops naida",22.6679982355186,"jouvenile"
"143",53.980615073958,14.7554900259648,2,"blue",13,831.438804660414,"Sauroniops reike",22.3276098368682,"dragonling"
"144",42.7198933708589,15.3051590593599,24,"blue",12,1839.52196204661,"Sauroniops naida",36.977860730711,"jouvenile"
"145",60.6198783934293,15.3325706647753,0,"blue",17,874.560939941669,"Sauroniops reike",18.3970889601059,"dragonling"
"146",50.2038000470972,13.1888214825423,0,"blue",8,742.742664152506,"Sauroniops reike",23.0726279267757,"dragonling"
"147",45.1749643620251,11.3329791370179,13,"blue",14,1294.58370261077,"Sauroniops naida",24.4857103139676,"jouvenile"
"148",52.0810040282685,13.9693173935832,29,"black",39,2560.72113969581,"Jaggermeryx strummeri",22.7080971704221,"adult"
"149",45.9556579048499,12.4079251637998,1,"blue",31,1263.25630777539,"Sauroniops naida",25.9051102404857,"jouvenile"
"150",39.0922855940202,10.0484174867282,24,"blue",17,1886.26788762259,"Sauroniops naida",28.9921084070686,"jouvenile"
"151",60.2845851770902,15.3452250853023,1,"blue",11,831.176306718527,"Sauroniops reike",18.617654412066,"dragonling"
"152",60.9031109658879,15.8280912558052,17,"blue",35,1956.52146351938,"Sauroniops naida",18.8154169257873,"jouvenile"
"153",36.7434275789711,9.38124427494042,1,"blue",16,936.995327226324,"Sauroniops reike",30.6383495273451,"dragonling"
"154",45.9593961685547,12.5051205669954,14,"blue",37,1897.58829678574,"Sauroniops naida",26.1037865833539,"jouvenile"
"155",51.4596519440426,12.9005310321072,9,"blue",24,1407.75078050558,"Sauroniops naida",21.4801917523967,"jouvenile"
"156",62.1535292349216,18.8401645962196,9,"blue",36,1703.72812116682,"Sauroniops naida",21.503906335917,"jouvenile"
"157",39.3777584033392,10.5469482914415,22,"blue",11,1710.02605102948,"Sauroniops naida",29.9908718916085,"jouvenile"
"158",51.4476715454998,12.9818642851473,1,"blue",38,1435.44564189549,"Sauroniops naida",21.6256849542236,"jouvenile"
"159",47.6052157619103,12.1831842858568,1,"blue",10,845.318541250945,"Sauroniops reike",23.7036918635925,"dragonling"
"160",62.106549408782,17.5541183995481,45,"blue",38,3178.15465010928,"Sauroniops naida",20.0663543278122,"adult"
"161",53.6865713314436,15.4713006581574,14,"blue",3,1222.17575097235,"Sauroniops naida",23.6679009680921,"jouvenile"
"162",50.7135032130815,12.7901567456881,3,"blue",13,981.771453980613,"Sauroniops reike",21.9276907666527,"dragonling"
"163",38.4338212472988,10.5563207271472,13,"blue",22,1569.05109604133,"Sauroniops naida",31.5100940842628,"jouvenile"
"164",53.6369270272219,14.9354447688394,3,"blue",32,1339.656457428,"Sauroniops naida",22.8904662492529,"jouvenile"
"165",58.5295744637362,16.084325848834,21,"blue",28,2017.39445291267,"Sauroniops naida",20.7021945073321,"adult"
"166",48.8091942400455,14.4359882275424,2,"blue",1,602.026348886702,"Sauroniops reike",26.7182185439034,"dragonling"
"167",43.5706108051645,11.1554701758389,1,"blue",18,1005.42491836046,"Sauroniops reike",25.9098463815638,"jouvenile"
"168",54.6077147275065,14.3257395941728,3,"blue",7,829.634233952565,"Sauroniops reike",21.1823092045248,"dragonling"
"169",56.1916454018747,14.1378068783228,15,"blue",20,1599.70445245004,"Sauroniops naida",19.7425297659441,"jouvenile"
"170",43.7337216870462,12.7563800751689,20,"blue",28,1947.90046130868,"Sauroniops naida",29.4075491753701,"jouvenile"
"171",59.7216214342057,17.1929499763713,23,"blue",2,1550.93132239302,"Sauroniops naida",21.2545284484017,"jouvenile"
"172",46.5196574941533,11.8698035957355,18,"blue",40,2083.11565493538,"Sauroniops naida",24.1843695785565,"adult"
"173",51.458244375776,13.5482018943605,13,"blue",20,1410.45386397294,"Sauroniops naida",22.5598384177655,"jouvenile"
"174",53.8174823098362,13.5983298147217,3,"blue",28,1266.61454327194,"Sauroniops naida",20.7015599211052,"jouvenile"
"175",52.8419646583887,13.4422463202015,25,"black",14,1851.15730105672,"Jaggermeryx strummeri",21.2264903152292,"jouvenile"
"176",53.8670552073219,14.6548726082868,7,"blue",27,1412.12869363637,"Sauroniops naida",22.2689548173116,"jouvenile"
"177",46.5278296857121,12.2531850402006,2,"blue",37,1462.57152909784,"Sauroniops naida",24.9567286409212,"jouvenile"
"178",30.5974261935888,9.15668890495983,15,"blue",31,1790.88509866643,"Sauroniops naida",43.1253788017084,"jouvenile"
"179",43.9468716173182,11.0102575769352,4,"blue",1,665.634763266672,"Sauroniops reike",25.1365577437558,"dragonling"
"180",56.8177603232949,14.6995143189862,7,"blue",36,1639.74684460751,"Sauroniops naida",20.0770092852428,"jouvenile"
"181",51.1807757400999,13.1520178695101,13,"blue",15,1437.01719934293,"Sauroniops naida",22.138231118784,"jouvenile"
"182",40.131853731658,10.7217144412761,13,"blue",27,1647.27436359661,"Sauroniops naida",29.3528347684979,"jouvenile"
"183",57.1837542082619,15.0288103860421,2,"blue",27,1189.79088431074,"Sauroniops reike",20.2648564651169,"jouvenile"
"184",67.1310010558219,17.0894451114871,37,"blue",37,2840.4994800667,"Sauroniops naida",16.7203733199918,"adult"
"185",51.3439267978143,12.8582461595553,1,"blue",30,1129.88935468891,"Sauroniops reike",21.5064054775666,"jouvenile"
"186",49.7330050521191,14.2164927249082,8,"blue",13,1157.03970338058,"Sauroniops reike",25.3435424243234,"jouvenile"
"187",53.9572861802487,13.9814269843675,6,"black",38,1526.74238566547,"Jaggermeryx whido",21.174616688822,"jouvenile"
"188",46.5575960834267,11.6800786921927,3,"blue",6,737.979391199858,"Sauroniops reike",23.7590421184821,"dragonling"
"189",42.3243509849734,12.1660094246875,8,"blue",9,1123.07024229548,"Sauroniops reike",29.945515191894,"jouvenile"
"190",39.2815795451953,9.90461753272897,4,"blue",24,1200.78713968797,"Sauroniops naida",28.3024530986965,"jouvenile"
"191",49.1766222405247,16.5001287566538,29,"blue",17,2104.53728065156,"Sauroniops naida",30.0839042385988,"adult"
"192",48.1785809901708,12.825349977691,10,"blue",31,1592.58641063082,"Sauroniops naida",24.3627030089561,"jouvenile"
"193",50.106518534605,13.1222864588808,6,"blue",17,1176.18017246359,"Sauroniops reike",23.0454563412257,"jouvenile"
"194",53.2298267760885,13.811966713928,3,"blue",0,713.97982029036,"Sauroniops reike",21.4936252458176,"dragonling"
"195",49.1632637631349,13.5006537341143,11,"blue",7,1209.69128926977,"Sauroniops naida",24.6284818016226,"jouvenile"
"196",48.183785251109,13.7196142967765,10,"blue",25,1486.74673983838,"Sauroniops naida",26.055794964238,"jouvenile"
"197",43.697117400818,11.2994107246214,15,"blue",6,1211.72772426616,"Sauroniops naida",26.0924267716829,"jouvenile"
"198",54.9913140292495,15.8513031293182,1,"blue",27,1155.49671142422,"Sauroniops reike",23.1121864069066,"jouvenile"
"199",48.7680057919566,13.8758204261775,8,"blue",20,1309.11445825229,"Sauroniops naida",25.7248547971731,"jouvenile"
"200",59.4216260841817,17.7911563347917,7,"blue",1,891.793468358396,"Sauroniops reike",22.2166905894254,"dragonling"
"201",56.1918356099881,14.0487090241797,23,"blue",9,1584.60327528845,"Sauroniops naida",19.6179775815489,"jouvenile"
"202",61.4801713771804,15.985389306826,4,"blue",37,1481.86184950338,"Sauroniops naida",18.6473590763244,"jouvenile"
"203",44.0650539219003,12.8915093383749,10,"blue",30,1592.57794548565,"Sauroniops naida",29.2738208594053,"jouvenile"
"204",41.1838419409006,10.9525239325478,7,"blue",25,1272.33280490279,"Sauroniops naida",28.4724441039498,"jouvenile"
"205",44.7712212076217,12.2877594153394,5,"blue",13,1046.00987466251,"Sauroniops reike",27.0295660596468,"jouvenile"
"206",52.2423644393882,14.7545653670668,6,"blue",34,1505.38850952953,"Sauroniops naida",23.8366394233934,"jouvenile"
"207",59.22456217394,15.0880993945532,16,"blue",30,1863.27246410128,"Sauroniops naida",18.9668440711349,"jouvenile"
"208",61.8939486107978,16.4974377089506,2,"black",2,725.784295079046,"Jaggermeryx ozzyi",18.9882251357659,"dragonling"
"209",46.3314478510352,11.7348132515632,9,"blue",22,1409.77733325673,"Sauroniops naida",24.103976408093,"jouvenile"
"210",48.7178588909888,12.317705064997,4,"blue",29,1255.41205134251,"Sauroniops naida",22.8832481352373,"jouvenile"
"211",54.6072573946593,13.7569344754612,10,"blue",31,1611.03111048413,"Sauroniops naida",20.3416039255829,"jouvenile"
"212",47.401952412378,16.1842867087911,2,"blue",7,815.406484998052,"Sauroniops reike",31.7588931885325,"dragonling"
"213",40.7002885527231,11.1080056791536,2,"blue",38,1433.61455065235,"Sauroniops naida",29.5668713562836,"jouvenile"
"214",56.7026217747827,14.8762005153714,4,"blue",24,1214.84713108122,"Sauroniops naida",20.4009315530521,"jouvenile"
"215",61.6188472733802,15.9520655787906,15,"blue",35,1785.68173645865,"Sauroniops naida",18.5248219446796,"jouvenile"
"216",44.9950488892861,12.1682428515448,12,"blue",7,1231.03361050191,"Sauroniops naida",26.5010247522865,"jouvenile"
"217",52.0757429542677,15.061310416439,14,"blue",26,1684.61050202831,"Sauroniops naida",24.4881549881509,"jouvenile"
"218",45.1329588379196,13.9193570876036,3,"blue",3,764.219124484273,"Sauroniops reike",30.129770206014,"dragonling"
"219",48.9038903936523,12.9505097558247,10,"blue",19,1346.40908351228,"Sauroniops naida",23.8761500551885,"jouvenile"
"220",44.5173667696013,11.5596291387614,1,"blue",9,718.887469613576,"Sauroniops reike",25.7187123380447,"dragonling"
"221",48.6865746629245,12.2396616975033,6,"blue",33,1481.147132882,"Sauroniops naida",22.7674938247195,"jouvenile"
"222",48.3705981822321,12.9224519150366,1,"blue",21,1089.13068168636,"Sauroniops reike",24.3526520455505,"jouvenile"
"223",38.570247915514,9.81190685623702,3,"blue",16,1043.33226710958,"Sauroniops reike",29.0812326787725,"jouvenile"
"224",57.3684975403454,14.5852494475222,16,"blue",11,1456.03959300779,"Sauroniops naida",19.5402971697266,"jouvenile"
"225",44.694738492848,11.5980658960793,6,"blue",7,992.515865442851,"Sauroniops reike",25.5998267314852,"dragonling"
"226",48.4424123927231,12.3787711977359,3,"blue",16,950.343629013633,"Sauroniops reike",23.2589586081727,"dragonling"
"227",53.6299500305817,16.334086350737,6,"blue",30,1439.88273398974,"Sauroniops naida",25.0405761768483,"jouvenile"
"228",49.5655573790506,12.50217458417,7,"blue",10,1092.38039884024,"Sauroniops reike",22.4382935661927,"jouvenile"
"229",49.2414870061121,13.0540879867044,21,"blue",17,1768.39976906069,"Sauroniops naida",23.7382375707813,"jouvenile"
"230",53.6502026821999,13.6570171266689,2,"blue",18,1032.17552355159,"Sauroniops reike",20.9207560402222,"jouvenile"
"231",57.6062464150776,15.0721275099718,6,"blue",16,1059.17227140382,"Sauroniops reike",20.0262511827314,"jouvenile"
"232",43.4028302997125,11.0358227924464,8,"blue",8,1089.71621157272,"Sauroniops reike",25.8305034991093,"jouvenile"
"233",56.3768058878623,14.9203335894931,4,"blue",26,1302.93165063921,"Sauroniops naida",20.6986420923429,"jouvenile"
"234",43.1300015226505,11.4260469670532,3,"blue",28,1311.94522751829,"Sauroniops naida",27.0832833269004,"jouvenile"
"235",62.50535679833,15.6789709508414,8,"blue",26,1366.1515752438,"Sauroniops naida",17.6948682504252,"jouvenile"
"236",33.4157914381488,9.08821342815378,5,"blue",3,854.806234369671,"Sauroniops reike",35.8871747355019,"dragonling"
"237",56.0885082052572,14.4258814057387,2,"blue",29,1180.08562437459,"Sauroniops reike",20.2189609893971,"jouvenile"
"238",70.4995899148452,18.4075347050646,10,"blue",21,1446.74513020714,"Sauroniops naida",16.3300194312665,"jouvenile"
"239",39.0685199242194,9.82276102863525,2,"blue",8,842.463676331792,"Sauroniops reike",28.375525700885,"dragonling"
"240",48.4476626052265,12.6205026196019,11,"blue",19,1428.40747366432,"Sauroniops naida",23.708018003845,"jouvenile"
"241",47.3816254091649,12.7066266275701,9,"blue",31,1549.15058648921,"Sauroniops naida",24.9559791411316,"jouvenile"
"242",69.273416458467,18.3502572037823,18,"blue",37,2055.80890714279,"Sauroniops naida",16.8606066707182,"adult"
"243",44.2835524179881,11.9107083776756,8,"black",10,1153.67490106068,"Jaggermeryx whido",26.7803927155455,"jouvenile"
"244",55.9853935978371,15.5807787288769,3,"blue",15,927.631764539276,"Sauroniops reike",21.9181524573891,"dragonling"
"245",44.658501911553,11.2119986143937,2,"blue",30,1301.91175801525,"Sauroniops naida",24.7878574387142,"jouvenile"
"246",40.6977572609778,10.4046180513947,8,"black",27,1457.57220152723,"Jaggermeryx whido",27.698065817647,"jouvenile"
"247",49.543133082761,12.5122284429976,17,"blue",20,1643.0889387504,"Sauroniops naida",22.4766707933001,"jouvenile"
"248",53.0017191323209,13.5584552749698,31,"blue",23,2217.65021364005,"Sauroniops naida",21.2811236571721,"adult"
"249",54.3734796795519,13.6013472271964,29,"blue",1,1785.54111147929,"Sauroniops naida",20.2848559980491,"jouvenile"
"250",51.7244368577894,14.3894423773627,4,"blue",22,1207.26692560323,"Sauroniops naida",23.7146477086743,"jouvenile"
"251",49.0441872541807,16.0138515031532,30,"blue",35,2395.77082297571,"Sauroniops naida",29.3551949030369,"adult"
"252",46.8580954649807,12.4533366238591,0,"blue",38,1281.90942462324,"Sauroniops naida",25.0081011362253,"jouvenile"
"253",53.8002954745005,15.6680687682625,32,"blue",16,2214.50857893973,"Sauroniops naida",23.8676907676333,"adult"
"254",53.3678094996482,14.2220304581777,3,"blue",2,670.114828978235,"Sauroniops reike",22.0174543565923,"dragonling"
"255",42.5158938718165,11.6668913566354,0,"blue",30,1185.11444613915,"Sauroniops reike",28.4588128843241,"jouvenile"
"256",44.9776858563351,11.4357591356803,9,"blue",2,915.731603640405,"Sauroniops reike",24.9249927677253,"dragonling"
"257",33.4066928496096,10.7105234958246,2,"blue",26,1118.93277879774,"Sauroniops reike",42.3163290203665,"jouvenile"
"258",51.4367908629224,13.3811412062172,22,"blue",26,2018.88143564069,"Sauroniops naida",22.3002472607093,"adult"
"259",47.3298415346438,13.4112769557812,9,"blue",2,924.99114971543,"Sauroniops reike",26.3975903802272,"dragonling"
"260",62.3955142546416,15.9013591658317,9,"blue",3,903.848090261342,"Sauroniops reike",18.0090898707075,"dragonling"
"261",42.7233649988688,11.0353691106315,2,"blue",9,861.669926512671,"Sauroniops reike",26.6575489981837,"dragonling"
"262",54.6450565996526,14.0068081072285,3,"blue",7,879.088228526274,"Sauroniops reike",20.682435266933,"dragonling"
"263",49.5245502801463,12.660997221848,2,"blue",2,710.989676873335,"Sauroniops reike",22.7609868343103,"dragonling"
"264",55.3528024668193,15.1423403415954,6,"blue",19,1241.77353480795,"Sauroniops naida",21.7910436602299,"jouvenile"
"265",37.5238608536661,11.2646675957779,0,"blue",0,511.184739349601,"Sauroniops reike",35.2750470967091,"dragonling"
"266",41.7763569324753,11.7790757987114,22,"blue",0,1374.72317347245,"Sauroniops naida",29.7587264641819,"jouvenile"
"267",69.7312528796069,19.0036397595875,3,"blue",36,1445.51868975492,"Sauroniops naida",17.2324135148816,"jouvenile"
"268",58.95600691273,14.8470912453896,0,"blue",18,936.825877694101,"Sauroniops reike",18.8343011586219,"dragonling"
"269",43.7712673462454,13.558601502005,5,"blue",13,1066.97715608035,"Sauroniops reike",31.2033274897182,"jouvenile"
"270",58.0917721217589,14.7754683417649,8,"blue",9,1008.4125736929,"Sauroniops reike",19.3052869231151,"jouvenile"
"271",58.2671263536336,14.9515735842728,18,"black",38,1988.87022228517,"Jaggermeryx strummeri",19.4179759078949,"jouvenile"
"272",60.9511893334523,15.8594646290574,3,"blue",6,833.530160722414,"Sauroniops reike",18.8229812237506,"dragonling"
"273",48.9984815875519,12.9399672157709,12,"blue",15,1366.5301323891,"Sauroniops naida",23.7646918517844,"jouvenile"
"274",47.3903911866888,12.9935447696336,10,"blue",5,988.5940628807,"Sauroniops reike",25.510050303205,"dragonling"
"275",37.1667783842804,9.75909007446399,6,"blue",25,1363.53711018489,"Sauroniops naida",31.1504084366335,"jouvenile"
"276",49.5229820633107,13.6942527802657,22,"blue",29,2029.9820506195,"Sauroniops naida",24.6200550095067,"adult"
"277",44.2119781426062,11.3749758749013,27,"blue",29,2144.51437794194,"Sauroniops naida",25.6587116400499,"adult"
"278",46.9184363719506,13.0750982968755,10,"blue",40,1788.97469289528,"Sauroniops naida",26.1891954796634,"jouvenile"
"279",50.099102660246,12.8943053286466,46,"blue",7,2567.74531176398,"Sauroniops naida",22.6517787268986,"adult"
"280",47.9460150736734,12.3612899763118,1,"blue",21,1035.94644603499,"Sauroniops reike",23.7095337887824,"jouvenile"
"281",41.2982925518596,16.6155200812722,1,"blue",34,1337.94996069485,"Sauroniops naida",42.955027546791,"jouvenile"
"282",42.5244852137645,13.470883923901,8,"blue",30,1450.50258678389,"Sauroniops naida",32.845979630221,"jouvenile"
"283",55.2505344761328,14.9815790944726,35,"blue",24,2488.88482106007,"Sauroniops naida",21.6395825912931,"adult"
"284",52.0994664598595,14.8696979340083,6,"blue",27,1386.43655421278,"Sauroniops naida",24.1545999889556,"jouvenile"
"285",60.4251744846458,16.9394310680919,6,"blue",18,1090.62838771351,"Sauroniops reike",20.4563077500433,"jouvenile"
"286",50.5655571672873,14.2065623793794,12,"blue",36,1804.56362427073,"Sauroniops naida",24.4987352123816,"jouvenile"
"287",43.6380205912163,11.1440996814897,14,"blue",33,1683.32885521305,"Sauroniops naida",25.8035320573529,"jouvenile"
"288",31.8717367149329,8.04755227747002,1,"blue",18,894.035590402063,"Sauroniops reike",34.9314491838967,"dragonling"
"289",41.9343194053342,10.5768503603717,1,"blue",29,1216.15620632315,"Sauroniops naida",26.5204822817131,"jouvenile"
"290",57.2629762447143,15.8507864227619,1,"blue",19,946.813111728466,"Sauroniops reike",21.3141116220693,"dragonling"
"291",42.6259729063858,11.3483981071686,4,"blue",0,774.975712615498,"Sauroniops reike",27.5391295217514,"dragonling"
"292",58.1698280587838,14.5657481706134,2,"blue",24,1136.11861912517,"Sauroniops reike",18.9802309253325,"jouvenile"
"293",66.2840370754392,17.0602102697514,4,"blue",7,805.908967847114,"Sauroniops reike",17.1210632466885,"dragonling"
"294",47.3066418824508,12.3252565027628,4,"blue",37,1522.7456015359,"Sauroniops naida",24.2837627292778,"jouvenile"
"295",51.1084385309326,14.5570349026552,15,"blue",11,1474.11687231393,"Sauroniops naida",24.5726476487341,"jouvenile"
"296",45.3850606499322,11.7911465723554,3,"blue",1,750.15871160624,"Sauroniops reike",25.2402965290777,"dragonling"
"297",45.1065622897984,11.4194440499812,0,"blue",39,1374.57901846136,"Sauroniops naida",24.7474102125453,"jouvenile"
"298",45.7993617871671,11.6063606290788,6,"blue",11,952.224081222725,"Sauroniops reike",24.3972829765063,"dragonling"
"299",52.1477210917674,13.1352923383714,2,"blue",40,1447.87808107281,"Sauroniops naida",21.2977306288891,"jouvenile"
"300",47.3156813876497,12.4763471560967,3,"blue",34,1392.20525807698,"Sauroniops naida",24.5720566708082,"jouvenile"
"301",41.5304789095116,11.7168532190174,23,"blue",17,1877.67419018282,"Sauroniops naida",29.9530716991685,"jouvenile"
"302",57.2336727241566,17.3871446513415,27,"blue",6,1711.28598842052,"Sauroniops naida",23.4039569600828,"jouvenile"
"303",50.2833627380971,13.0593033367364,20,"blue",27,1854.56745292296,"Sauroniops naida",22.773807072202,"jouvenile"
"304",52.758488838506,13.9434480448452,0,"blue",11,807.293685813495,"Sauroniops reike",22.0876617431654,"dragonling"
"305",48.9045422838817,13.320939698629,16,"blue",34,1833.79811914296,"Sauroniops naida",24.5584368478472,"jouvenile"
"306",54.2605042341331,13.7680135219167,5,"blue",30,1391.81460162491,"Sauroniops naida",20.6190137578543,"jouvenile"
"307",60.9948148797566,15.408498691286,3,"blue",2,750.320165475863,"Sauroniops reike",18.2615966358982,"dragonling"
"308",48.0785440119854,12.0241465418051,1,"blue",22,1034.34460010553,"Sauroniops reike",22.9359060581376,"jouvenile"
"309",49.3717278759656,12.6143119981445,9,"blue",23,1436.6692259318,"Sauroniops naida",22.8176634588566,"jouvenile"
"310",54.375377903196,13.65730157762,4,"blue",17,1097.16392486616,"Sauroniops reike",20.3668834465484,"jouvenile"
"311",56.6266586501146,15.0118814282629,27,"blue",39,2342.73360464916,"Sauroniops naida",20.6422725682017,"adult"
"312",48.4513447531484,12.8780612124749,13,"blue",18,1390.31342191117,"Sauroniops naida",24.1881731945342,"jouvenile"
"313",48.0260585745308,13.0468463965615,14,"black",32,1809.7226209217,"Jaggermeryx strummeri",24.9411177107062,"jouvenile"
"314",48.4911838883095,13.7821736996509,2,"blue",17,1019.7945484128,"Sauroniops reike",25.8438016720156,"jouvenile"
"315",47.028750205035,11.7617656787845,7,"black",3,941.164774943352,"Jaggermeryx ozzyi",23.4482212427053,"dragonling"
"316",39.6278299372433,10.5893798703275,20,"blue",33,2068.62143010903,"Sauroniops naida",29.7326899387368,"adult"
"317",47.6488275603155,12.3949012826371,27,"blue",35,2388.30159759669,"Sauroniops naida",24.0714853452602,"adult"
"318",41.6082226425628,11.382513847538,16,"blue",13,1510.78074374239,"Sauroniops naida",28.9897261696368,"jouvenile"
"319",44.8876816117907,12.0349735721934,9,"blue",35,1683.36841748233,"Sauroniops naida",26.3363172746649,"jouvenile"
"320",53.2973420134007,13.4504335258628,50,"blue",15,2812.49496970233,"Sauroniops naida",20.8780260800746,"adult"
"321",57.7725035292251,14.9161574143257,10,"blue",4,1096.51416128255,"Sauroniops reike",19.7051088160051,"jouvenile"
"322",55.0333891143799,15.9952546171925,18,"blue",40,2098.77694182523,"Sauroniops naida",23.2864290662194,"adult"
"323",49.4773175253461,15.0927818505445,8,"blue",40,1734.51505018294,"Sauroniops naida",27.1844942969432,"jouvenile"
"324",57.4896973228417,14.7611879773056,3,"black",10,825.43577312737,"Jaggermeryx ozzyi",19.6927116430317,"dragonling"
"325",41.7485086458714,11.3890169073169,22,"blue",10,1717.16751286603,"Sauroniops naida",28.8116785414245,"jouvenile"
"326",53.0762977538361,13.4113901041846,11,"blue",20,1451.80893692482,"Sauroniops naida",20.9911777791143,"jouvenile"
"327",55.4798419980578,14.2078843396684,6,"blue",4,956.366403075515,"Sauroniops reike",20.3527565125998,"dragonling"
"328",40.5635083869013,11.3739730080148,5,"blue",33,1489.84803876895,"Sauroniops naida",30.479330779529,"jouvenile"
"329",41.0855655984722,10.5371216041444,6,"blue",6,969.166321454445,"Sauroniops reike",27.5237565090457,"dragonling"
"330",48.513542369624,12.785751955272,2,"blue",19,1053.09366458721,"Sauroniops reike",23.9532559761418,"jouvenile"
"331",49.6662471900275,14.4437107873834,6,"blue",6,955.518756821166,"Sauroniops reike",25.8178663027472,"dragonling"
"332",51.8408893624566,13.0890737007899,21,"blue",38,2089.39984123494,"Sauroniops naida",21.4747581346418,"adult"
"333",34.9114691786331,9.12895429515869,6,"blue",36,1535.47532435462,"Sauroniops naida",33.0254722570235,"jouvenile"
"334",39.4235782960954,10.3526331931949,8,"blue",19,1215.48191228576,"Sauroniops naida",29.3699360244148,"jouvenile"
"335",41.6032880438948,11.3108348093155,9,"blue",32,1620.40455795496,"Sauroniops naida",28.8140034229379,"jouvenile"
"336",47.5450559674552,12.0639086265046,3,"blue",15,1029.69666606479,"Sauroniops reike",23.5310641777029,"jouvenile"
"337",44.1913096379192,11.4562097572647,24,"blue",3,1634.7105954578,"Sauroniops naida",25.8661306666449,"jouvenile"
"338",53.6409952379366,14.457001333073,29,"blue",3,1812.39595671003,"Sauroniops naida",22.1538301713402,"jouvenile"
"339",56.341345102434,17.0268276684038,37,"blue",27,2612.93295565331,"Sauroniops naida",23.650676797464,"adult"
"340",55.0632172986623,15.3366908471131,24,"blue",24,1938.38951141026,"Sauroniops naida",22.3034862020209,"jouvenile"
"341",45.224847919934,11.588008477742,16,"blue",27,1782.42674693869,"Sauroniops naida",24.9815182551239,"jouvenile"
"342",57.3252991200494,15.2449186341301,3,"blue",35,1410.86282679194,"Sauroniops naida",20.4548692043929,"jouvenile"
"343",48.7625125630509,12.4107208742139,7,"blue",27,1393.01078334005,"Sauroniops naida",23.0138412407556,"jouvenile"
"344",37.36840464745,9.93835428732519,11,"blue",5,1130.60109190646,"Sauroniops reike",31.3812049689054,"jouvenile"
"345",61.6259401183031,16.26634465348,4,"blue",1,791.113462423234,"Sauroniops reike",18.8854400963709,"dragonling"
"346",48.0029704315781,12.4979259457022,9,"blue",30,1449.34678923276,"Sauroniops naida",23.9147572720238,"jouvenile"
"347",55.5638691046295,16.0455327866771,19,"blue",13,1626.7009121214,"Sauroniops naida",22.9157163688769,"jouvenile"
"348",55.0893101167262,14.0262285665691,4,"blue",8,909.196465035713,"Sauroniops reike",20.3784195559068,"dragonling"
"349",59.3099816903364,15.3867527636672,8,"blue",15,1214.79564380859,"Sauroniops naida",19.286598992886,"jouvenile"
"350",53.499304530882,16.7437933005856,19,"blue",1,1285.53042345053,"Sauroniops naida",25.7941865452087,"jouvenile"
"351",42.2472623747238,12.5982615260597,21,"blue",9,1606.51165665283,"Sauroniops naida",31.1227332827867,"jouvenile"
"352",59.1027933021369,16.9451376344909,5,"blue",4,906.9879081338,"Sauroniops reike",21.3891409310044,"dragonling"
"353",55.997756917577,17.5799131346134,3,"blue",1,753.41614254646,"Sauroniops reike",24.7195020445335,"dragonling"
"354",50.9288553222334,16.7795764913375,3,"blue",2,657.512396492601,"Sauroniops reike",28.524459258148,"dragonling"
"355",50.7773939642954,13.1865153511029,35,"blue",5,2084.12163929731,"Sauroniops naida",22.5503602333053,"adult"
"356",39.1527889809414,11.1279463253223,22,"blue",36,2154.78286441362,"Sauroniops naida",32.0076559295978,"adult"
"357",47.0868991776966,12.4910514332874,13,"blue",29,1557.82057317532,"Sauroniops naida",24.8406564379908,"jouvenile"
"358",41.9635557165208,11.522210535687,13,"blue",6,1234.07907159241,"Sauroniops naida",28.8506432699453,"jouvenile"
"359",49.300974477418,12.9526254344639,2,"blue",28,1248.63206897589,"Sauroniops naida",23.4969262995115,"jouvenile"
"360",48.5402316092281,12.7807285872928,19,"blue",15,1614.45101722603,"Sauroniops naida",23.9175218212537,"jouvenile"
"361",52.9318568621665,14.3751467575108,15,"blue",30,1697.0575387301,"Sauroniops naida",22.6225878523535,"jouvenile"
"362",49.3021805536974,12.4992790444971,22,"blue",26,2020.34212921541,"Sauroniops naida",22.6734163586127,"adult"
"363",46.0278405532876,11.5188839445981,10,"blue",26,1532.46609320126,"Sauroniops naida",23.9736112062085,"jouvenile"
"364",39.2998204843254,11.4737481086867,6,"black",33,1517.51182009992,"Jaggermeryx whido",32.7558167789388,"jouvenile"
"365",42.6004234645284,10.9440513844544,14,"blue",5,1146.75887818348,"Sauroniops reike",26.5897678877401,"jouvenile"
"366",52.3875736544426,13.9408605054433,3,"blue",5,821.919507855088,"Sauroniops reike",22.3973825477357,"dragonling"
"367",39.4308846885583,10.5984829838341,2,"blue",18,1046.24540035009,"Sauroniops reike",30.0562586617042,"jouvenile"
"368",56.2891468224235,18.6646133352607,3,"blue",6,865.073605868109,"Sauroniops reike",25.9737059914639,"dragonling"
"369",51.063630622817,13.8744582302928,5,"blue",27,1219.91845350142,"Sauroniops naida",23.461561263075,"jouvenile"
"370",62.9818790819555,17.1156191640128,17,"blue",28,1816.66488258867,"Sauroniops naida",19.0250427818152,"jouvenile"
"371",44.6146171023454,12.5325154309053,1,"blue",14,917.98877109109,"Sauroniops reike",27.7618346335795,"dragonling"
"372",54.7535726548212,14.3594766938925,7,"blue",2,929.856709661451,"Sauroniops reike",21.1192233971216,"dragonling"
"373",45.8734490360299,12.1974881870331,12,"blue",19,1445.03612681495,"Sauroniops naida",25.5571176926926,"jouvenile"
"374",51.9930012249784,14.1823740849183,19,"blue",7,1487.28345727082,"Sauroniops naida",23.1325450780141,"jouvenile"
"375",42.5025315496168,13.1003442029846,3,"blue",17,1052.97911169688,"Sauroniops reike",31.9755015194768,"jouvenile"
"376",32.8810668818781,8.53581082094782,20,"blue",6,1544.52978516302,"Sauroniops naida",34.8110590011046,"jouvenile"
"377",45.6452972479317,11.5003514623103,21,"black",9,1640.16538469055,"Jaggermeryx whido",24.3379104567374,"jouvenile"
"378",56.7705633253295,14.5901247428618,13,"black",26,1641.39491387821,"Jaggermeryx whido",19.9607498832349,"jouvenile"
"379",58.2593858247333,14.9866129259041,13,"blue",16,1445.4679259321,"Sauroniops naida",19.4686546666279,"jouvenile"
"380",41.1032514377893,10.6065991723776,10,"blue",36,1721.0161328346,"Sauroniops naida",27.6814003601097,"jouvenile"
"381",50.8794599394571,13.9841345481917,11,"blue",38,1805.44402141155,"Sauroniops naida",23.818524982753,"jouvenile"
"382",48.3045123876675,13.7195352676212,28,"blue",38,2408.77111636402,"Sauroniops naida",25.9255662415171,"adult"
"383",67.1992509321593,17.838116801146,1,"blue",20,1029.11468219754,"Sauroniops reike",17.4174428563336,"jouvenile"
"384",50.2881547809222,14.8050348329173,26,"blue",33,2211.68699022527,"Sauroniops naida",25.8132262441147,"adult"
"385",45.9503688850536,11.6567785404565,2,"blue",32,1312.39368502023,"Sauroniops naida",24.3424785704997,"jouvenile"
"386",56.593720204978,16.9290843250037,8,"blue",32,1530.88637290751,"Sauroniops naida",23.3056508928579,"jouvenile"
"387",51.7290082628864,13.1665102834297,1,"blue",6,646.203664860033,"Sauroniops reike",21.6953486221344,"dragonling"
"388",58.5667723225145,15.9220490183656,8,"blue",4,998.842805310287,"Sauroniops reike",20.4673035782064,"dragonling"
"389",56.7063168292411,14.4191163235604,13,"blue",19,1446.07287710645,"Sauroniops naida",19.7715182722552,"jouvenile"
"390",45.9263646076759,12.5119642930465,6,"blue",32,1359.07417053652,"Sauroniops naida",26.155655751173,"jouvenile"
"391",47.7911861808506,12.1039577881418,11,"blue",21,1435.68758737233,"Sauroniops naida",23.3666275268238,"jouvenile"
"392",59.7334975160627,14.9736764898516,1,"blue",11,865.321287031011,"Sauroniops reike",18.5036247457707,"dragonling"
"393",39.7899468242155,10.1658148388137,2,"blue",40,1506.87431948571,"Sauroniops naida",28.3112948483398,"jouvenile"
"394",48.8333609646481,12.5824339067971,1,"blue",8,674.324048103618,"Sauroniops reike",23.2646049072208,"dragonling"
"395",36.7875890944469,9.67087052455961,2,"blue",17,1042.20327311095,"Sauroniops reike",31.5084594903834,"jouvenile"
"396",48.9302331636715,12.7304867151906,1,"blue",16,880.54689597768,"Sauroniops reike",23.4452405275369,"dragonling"
"397",69.5335097706404,18.1904177381817,25,"blue",3,1691.68169195769,"Sauroniops naida",16.5889395659247,"jouvenile"
"398",58.3077174712268,16.4053710378872,4,"blue",26,1179.60210969367,"Sauroniops reike",21.276404128528,"jouvenile"
"399",51.047391236304,13.4136914290745,6,"blue",19,1258.73411877974,"Sauroniops naida",22.6968434250738,"jouvenile"
"400",46.9087654555097,12.2580266575765,1,"blue",16,832.40222524059,"Sauroniops reike",24.5627399274166,"dragonling"
"401",51.2859268032825,12.9736395443992,2,"blue",30,1162.75863698191,"Sauroniops reike",21.7485178912761,"jouvenile"
"402",49.8116151509929,16.021913305789,0,"blue",14,899.47441486686,"Sauroniops reike",28.4719612856225,"dragonling"
"403",50.1360980143303,13.4736934709291,18,"black",31,1952.51165160545,"Jaggermeryx strummeri",23.6346870705097,"jouvenile"
"404",55.9315608958271,14.1564501988358,30,"blue",36,2437.95933911672,"Sauroniops naida",19.9528409950985,"adult"
"405",54.8382738498458,15.1826779516842,15,"blue",21,1536.84867753283,"Sauroniops naida",22.261021196208,"jouvenile"
"406",49.5172616323855,14.699785597646,12,"blue",37,1803.97858578822,"Sauroniops naida",26.4339470824629,"jouvenile"
"407",46.3738358471147,12.5930106630961,6,"blue",20,1138.36203661089,"Sauroniops reike",25.8194974811229,"jouvenile"
"408",41.2752075859487,10.4199014057673,31,"blue",26,2342.94934032164,"Sauroniops naida",26.9680368195926,"adult"
"409",44.3816528976082,12.3367816010099,18,"blue",24,1773.21004840139,"Sauroniops naida",27.6158990495053,"jouvenile"
"410",55.1947042914865,13.9800198485086,2,"blue",38,1358.77596348465,"Sauroniops naida",20.2337892068239,"jouvenile"
"411",55.9955385939947,14.0482208389128,21,"blue",15,1747.74877906176,"Sauroniops naida",19.7550770695671,"jouvenile"
"412",51.0032894006508,13.5201057205071,7,"blue",5,937.646717169626,"Sauroniops reike",22.9164831534122,"dragonling"
"413",51.5080421823422,15.9457912209479,8,"blue",21,1248.20429371181,"Sauroniops naida",26.5008768106194,"jouvenile"
"414",57.2423163162196,14.8582870642102,6,"blue",9,1011.63689768321,"Sauroniops reike",19.9939499857298,"jouvenile"
"415",48.9866115228584,12.3756815158141,11,"blue",33,1703.21018432016,"Sauroniops naida",22.7393779500049,"jouvenile"
"416",61.1528576662328,15.7936411233044,4,"blue",36,1480.89417604738,"Sauroniops naida",18.6214290958391,"jouvenile"
"417",44.2224830490973,11.8267760062453,14,"blue",7,1220.90549522643,"Sauroniops naida",26.6651713242083,"jouvenile"
"418",44.5377455728725,11.1538796803772,3,"blue",23,1157.05926435939,"Sauroniops reike",24.7932666063539,"jouvenile"
"419",48.104359481426,12.5601481641498,20,"blue",13,1640.29419679538,"Sauroniops naida",23.9326144802445,"jouvenile"
"420",42.5488902020068,13.2242228477581,6,"blue",4,875.736166885056,"Sauroniops reike",32.2075685942822,"dragonling"
"421",37.5580319357713,9.82860092572713,17,"blue",11,1520.57851947456,"Sauroniops naida",30.7220578733675,"jouvenile"
"422",47.1301922034917,12.067777989909,5,"blue",12,1070.72764655188,"Sauroniops reike",23.9548328730671,"jouvenile"
"423",58.6934549391511,16.0404721803603,4,"blue",33,1329.22060546978,"Sauroniops naida",20.5306195026537,"jouvenile"
"424",50.7755050801057,13.880555124733,5,"blue",5,878.950322851518,"Sauroniops reike",23.7390090477085,"dragonling"
"425",48.9434715027841,12.2984921016614,10,"blue",36,1632.48230617245,"Sauroniops naida",22.6374019080355,"jouvenile"
"426",45.6813035148287,11.5267912658653,5,"blue",31,1409.7816681466,"Sauroniops naida",24.3554247475561,"jouvenile"
"427",60.7329711921825,15.6577114753503,2,"blue",34,1383.12414196226,"Sauroniops naida",18.7173122102641,"jouvenile"
"428",43.1427199472827,10.8976505270994,7,"blue",33,1538.09607976986,"Sauroniops naida",25.8155919542289,"jouvenile"
"429",56.4567306586446,14.3502675739139,29,"blue",19,2039.81318020561,"Sauroniops naida",19.8514760412113,"adult"
"430",51.4952945031774,13.1485576721045,10,"blue",17,1359.1849741922,"Sauroniops naida",21.8628753282077,"jouvenile"
"431",55.8795952101434,15.5264882195037,1,"blue",30,1150.14886896777,"Sauroniops reike",21.9245652503524,"jouvenile"
"432",50.0737481494381,14.3992090840203,40,"blue",4,2154.88567313359,"Sauroniops naida",25.3211071883455,"adult"
"433",62.6232450581699,17.8252726291424,5,"blue",11,919.864032118263,"Sauroniops reike",20.0414573616047,"dragonling"
"434",54.0008120102071,15.1342352463305,3,"blue",9,882.934877452786,"Sauroniops reike",22.8835898275976,"dragonling"
"435",48.5318914798663,18.4242110436448,27,"blue",1,1664.36390791323,"Sauroniops naida",34.4904387603659,"jouvenile"
"436",44.7228872281726,11.9094143190291,3,"blue",5,833.158728509931,"Sauroniops reike",26.2539705228681,"dragonling"
"437",36.863464341409,10.3617125956163,21,"blue",24,1807.56021256657,"Sauroniops naida",33.6204485707378,"jouvenile"
"438",59.0584524310099,15.0734822423872,15,"blue",40,2014.88928356128,"Sauroniops naida",19.0552093154823,"adult"
"439",57.4169979750564,14.3751868448224,15,"blue",21,1616.07265454101,"Sauroniops naida",19.226347593502,"jouvenile"
"440",51.0077709675813,13.0799745524869,2,"blue",21,1007.64428208472,"Sauroniops reike",22.166568306385,"jouvenile"
"441",47.2200225152537,12.0476863310708,4,"blue",17,986.692149034468,"Sauroniops reike",23.8240464600019,"dragonling"
"442",59.6033973166573,15.7017352732279,14,"blue",36,1913.99031254159,"Sauroniops naida",19.4881169304543,"jouvenile"
"443",52.4607419563635,13.6302489514041,0,"blue",18,952.619253134072,"Sauroniops reike",21.8373123522128,"dragonling"
"444",41.4682049717651,10.8352940190558,7,"black",3,937.468083916647,"Jaggermeryx ozzyi",27.7827021226073,"dragonling"
"445",48.8355955215783,12.3292794002358,20,"blue",11,1614.39461757815,"Sauroniops naida",22.7944424287988,"jouvenile"
"446",62.6130723183691,18.6688645773163,6,"blue",17,1066.33057903528,"Sauroniops reike",20.9967526284063,"jouvenile"
"447",52.5281890967885,14.8954528251928,18,"blue",28,1796.96164122221,"Sauroniops naida",23.803077350129,"jouvenile"
"448",50.46574972674,13.3450357373849,0,"blue",36,1290.2573437256,"Sauroniops naida",23.1041788127345,"jouvenile"
"449",55.205973870715,15.6679003404633,1,"blue",7,655.278674590294,"Sauroniops reike",22.6674624248734,"dragonling"
"450",53.0966408596251,14.7117357628904,9,"blue",7,1107.64069862941,"Sauroniops reike",23.0088057770724,"jouvenile"
"451",58.3632186898173,15.0547329705477,0,"blue",9,809.396032691169,"Sauroniops reike",19.4876217735247,"dragonling"
"452",50.8953083669237,14.4474493708886,25,"blue",20,2000.6460559629,"Sauroniops naida",24.592344628688,"adult"
"453",50.7709556765495,13.1122498843729,12,"blue",35,1778.37754871926,"Sauroniops naida",22.4290456864989,"jouvenile"
"454",50.652351443515,12.9291279816182,10,"blue",20,1456.37685818286,"Sauroniops naida",22.2194992143591,"jouvenile"
"455",56.1610242976044,14.3257364151216,14,"black",4,1258.5993445491,"Jaggermeryx whido",20.026782030242,"jouvenile"
"456",59.9918225319516,15.5774505623947,20,"blue",34,2009.60618831243,"Sauroniops naida",19.084312746642,"adult"
"457",60.475601339776,15.7667898959638,11,"blue",6,1062.59332622418,"Sauroniops reike",19.0084692478949,"jouvenile"
"458",48.1073921605269,12.3933769437315,3,"blue",27,1165.07864274926,"Sauroniops reike",23.6118645947866,"jouvenile"
"459",49.4677792337274,12.7230935403266,0,"blue",31,1108.06443903023,"Sauroniops reike",22.9251479624598,"jouvenile"
"460",36.8568475924491,9.48995318794771,65,"blue",22,3658.4005004999,"Sauroniops naida",30.8029245230627,"adult"
"461",42.3215133454365,13.19857556313,2,"blue",19,1040.28245108859,"Sauroniops reike",32.4914385741054,"jouvenile"
"462",52.410373473597,13.2815466960233,8,"blue",9,1104.50065332415,"Sauroniops reike",21.3195679696645,"jouvenile"
"463",39.001107975756,11.4932920111188,2,"blue",23,1165.54911690722,"Sauroniops reike",33.3161497972552,"jouvenile"
"464",43.0824369993928,10.8749625750832,12,"blue",15,1393.79827840911,"Sauroniops naida",25.8339909408354,"jouvenile"
"465",55.5349741147973,16.7144178638918,9,"blue",22,1382.67836760023,"Sauroniops naida",23.8958433717473,"jouvenile"
"466",53.5909656652298,13.817546555145,4,"blue",16,1105.58799809509,"Sauroniops reike",21.2134852372392,"jouvenile"
"467",52.4530105085578,13.6623587146751,4,"blue",19,1126.71929200554,"Sauroniops reike",21.8952092640562,"jouvenile"
"468",69.2043884570434,17.811085544217,3,"blue",36,1352.91985627189,"Sauroniops naida",16.3978675482062,"jouvenile"
"469",51.8828367866823,13.5048040658297,17,"blue",13,1550.10170872619,"Sauroniops naida",22.1210182955445,"jouvenile"
"470",63.5247692020615,16.7450256552594,4,"blue",35,1494.95773926164,"Sauroniops naida",18.2963256139795,"jouvenile"
"471",45.6845719478125,11.6783414189479,19,"blue",32,1963.11036168373,"Sauroniops naida",24.6721105764025,"jouvenile"
"472",46.4052559901821,11.9551200247568,32,"blue",6,1902.10395898882,"Sauroniops naida",24.4784463828358,"jouvenile"
"473",55.7244032321397,14.8357247821076,0,"blue",4,581.454215739741,"Sauroniops reike",21.066004413083,"dragonling"
"474",40.1614594108786,11.0918670878041,16,"blue",4,1367.66785723443,"Sauroniops naida",30.3214481835317,"jouvenile"
"475",67.3006698809323,16.9503644216745,0,"blue",20,978.286859010401,"Sauroniops reike",16.5007817756761,"dragonling"
"476",40.8337836849628,11.2185355687048,13,"blue",2,1146.27644855015,"Sauroniops reike",29.6661492096906,"jouvenile"
"477",47.6830997084538,14.0850691046537,5,"blue",23,1242.64115555048,"Sauroniops naida",27.3145643388221,"jouvenile"
"478",43.6118430544826,11.6652582442786,4,"blue",16,1107.92878629734,"Sauroniops reike",27.0426801580532,"jouvenile"
"479",49.6640185922391,14.2537137637939,5,"blue",22,1256.45476693391,"Sauroniops naida",25.4805367789798,"jouvenile"
"480",55.0499477842827,18.6712505760965,3,"blue",11,952.944216065006,"Sauroniops reike",27.1658838663837,"dragonling"
"481",45.5917161812419,11.4969085296353,30,"blue",1,1807.5629134256,"Sauroniops naida",24.3878463624912,"jouvenile"
"482",48.3988031880924,12.1249485902021,1,"blue",10,812.759544935355,"Sauroniops reike",22.823114865095,"dragonling"
"483",55.6066453742346,14.1997790864324,14,"blue",8,1306.68767302522,"Sauroniops naida",20.2484811128172,"jouvenile"
"484",43.2787283143052,12.3224277448595,5,"blue",6,917.913144663435,"Sauroniops reike",29.0075836346788,"dragonling"
"485",53.0409641378739,15.4670843266831,6,"blue",5,915.405403943217,"Sauroniops reike",24.2409641305179,"dragonling"
"486",48.5989602001784,13.6974279530072,13,"blue",31,1738.52102315167,"Sauroniops naida",25.5710949628029,"jouvenile"
"487",53.9097854940296,13.6735583687686,4,"blue",21,1161.63668700025,"Sauroniops reike",20.7448642097382,"jouvenile"
"488",45.1921524711979,11.3328911596894,10,"blue",9,1177.10292410544,"Sauroniops reike",24.4668984260831,"jouvenile"
"489",53.7884555481898,13.9573931210467,11,"blue",37,1687.53936187837,"Sauroniops naida",21.2711229205282,"jouvenile"
"490",52.8064955280354,14.4855560239265,4,"blue",29,1325.09875782172,"Sauroniops naida",22.9047065327859,"jouvenile"
"491",51.4633490035549,13.5028055063974,7,"blue",12,989.655169194856,"Sauroniops reike",22.4797862701581,"dragonling"
"492",45.4667734910474,11.8071729013864,0,"blue",36,1313.1023418007,"Sauroniops naida",25.1838373697746,"jouvenile"
"493",45.8125373697893,11.8811350798946,6,"blue",14,1112.37042808768,"Sauroniops reike",24.9605123801012,"jouvenile"
"494",67.7580448508084,18.4850651855627,1,"blue",18,973.28967324563,"Sauroniops reike",17.7526630247916,"dragonling"
"495",42.3563871294481,12.2938841818978,13,"blue",37,1874.08128471388,"Sauroniops naida",30.2145099263401,"jouvenile"
"496",49.8753862707887,12.9224795883291,9,"blue",19,1345.15372319649,"Sauroniops naida",22.9053833991778,"jouvenile"
"497",54.4808879587312,13.8727058871255,1,"blue",3,603.973853829663,"Sauroniops reike",20.6080585430984,"dragonling"
"498",52.1807876576064,13.4969299415208,3,"blue",36,1447.4021644214,"Sauroniops naida",21.8563676753449,"jouvenile"
"499",62.2985998821095,17.1073078298772,4,"blue",21,1178.21868064083,"Sauroniops reike",19.4352151495184,"jouvenile"
"500",55.8759736827886,16.5276237249822,14,"blue",30,1805.06938635138,"Sauroniops naida",23.341269003267,"jouvenile"
"501",44.2167773637188,11.4007544009382,4,"blue",34,1391.22490237576,"Sauroniops naida",25.7112784317227,"jouvenile"
"502",46.5073137320899,11.9902726083787,37,"black",19,2444.09392412144,"Jaggermeryx strummeri",24.4427914140694,"adult"
"503",54.1045099282383,14.0231168584369,8,"blue",10,1112.06982463478,"Sauroniops reike",21.1223324118248,"jouvenile"
"504",40.2941321135375,10.1157698743247,14,"blue",14,1431.69446252213,"Sauroniops naida",27.4713235513922,"jouvenile"
"505",46.7182024425766,14.685285456472,1,"blue",33,1321.71252244719,"Sauroniops naida",29.6670524531139,"jouvenile"
"506",41.977028561149,10.8898594592112,32,"blue",33,2539.57631719056,"Sauroniops naida",27.2497890375049,"adult"
"507",43.1579595185928,11.131896117922,14,"black",24,1658.85185048759,"Jaggermeryx whido",26.3518793428711,"jouvenile"
"508",59.0120944360186,15.1139462249798,5,"blue",33,1337.02062572156,"Sauroniops naida",19.1363925106514,"jouvenile"
"509",43.6928400666684,11.2123127404891,7,"blue",38,1641.30970860031,"Sauroniops naida",25.8963709701577,"jouvenile"
"510",52.8692519323986,14.3025397153638,10,"blue",0,986.160080342096,"Sauroniops reike",22.5616618908645,"dragonling"
"511",50.2380705926144,12.7031058977252,3,"blue",26,1146.17747669754,"Sauroniops reike",22.1926043159633,"jouvenile"
"512",53.5668202575774,14.8186961073616,7,"blue",33,1544.23620840109,"Sauroniops naida",22.7710214507083,"jouvenile"
"513",61.8566840269751,16.0285492547053,2,"blue",32,1223.36573386833,"Sauroniops naida",18.4707785450255,"jouvenile"
"514",50.5813227827128,13.1707396230294,8,"blue",8,1083.05959682268,"Sauroniops reike",22.6983377452876,"jouvenile"
"515",31.531816789544,7.92108815483405,7,"blue",32,1514.23863324294,"Sauroniops naida",35.1278130457525,"jouvenile"
"516",40.4523689444241,10.1775124000796,26,"blue",36,2361.15646459717,"Sauroniops naida",27.4231902225611,"adult"
"517",67.4127355460394,17.3301739795213,19,"blue",10,1569.42601180298,"Sauroniops naida",16.81447362173,"jouvenile"
"518",54.3546258020163,13.9568197126987,2,"black",20,1104.23951346125,"Jaggermeryx whido",20.8294452310567,"jouvenile"
"519",50.7571184993517,13.221903054155,7,"blue",23,1319.16430533625,"Sauroniops naida",22.6289449269089,"jouvenile"
"520",44.717586741595,11.3538383452218,8,"blue",35,1618.19736588548,"Sauroniops naida",25.0351527416896,"jouvenile"
"521",44.6894473380137,12.3563266364137,13,"blue",2,1142.18391290469,"Sauroniops reike",27.2799561289379,"jouvenile"
"522",41.9231509740615,12.1870099143952,9,"blue",21,1390.84772023928,"Sauroniops naida",30.5740932177121,"jouvenile"
"523",53.9241829885937,15.1945914692153,10,"blue",16,1378.26547454351,"Sauroniops naida",23.0401942049027,"jouvenile"
"524",38.4402514979706,9.80585177905153,0,"blue",29,1193.40388395572,"Sauroniops reike",29.2601897823437,"jouvenile"
"525",37.6640278286889,11.2027226717944,3,"blue",9,761.042920723993,"Sauroniops reike",34.8204449141552,"dragonling"
"526",35.8050433519503,9.10912619371019,7,"blue",8,1072.02878854722,"Sauroniops reike",31.3294352256595,"jouvenile"
"527",57.0850908141012,14.3853820185034,1,"blue",37,1358.16034780339,"Sauroniops naida",19.4643659882714,"jouvenile"
"528",48.3870856059035,14.1515193684413,12,"blue",30,1671.98002394508,"Sauroniops naida",26.6506861724277,"jouvenile"
"529",44.1717554837263,11.2923790336103,16,"blue",27,1703.83266000658,"Sauroniops naida",25.5188079353422,"jouvenile"
"530",47.9835103245809,13.138044338128,5,"blue",22,1242.36523618438,"Sauroniops naida",25.1600178814497,"jouvenile"
"531",47.2109576849857,12.9438100655756,6,"blue",38,1603.49660492391,"Sauroniops naida",25.6059425118616,"jouvenile"
"532",58.3267583711882,15.3622393406244,0,"blue",2,534.632711068603,"Sauroniops reike",19.910542876052,"dragonling"
"533",46.465916070493,14.2176604594152,11,"blue",19,1410.06352775898,"Sauroniops naida",29.0351040154788,"jouvenile"
"534",53.8271875341881,13.9282355424067,13,"blue",9,1309.72021900997,"Sauroniops naida",21.1961498204534,"jouvenile"
"535",58.78184174319,15.0360553952428,1,"blue",35,1338.12697809198,"Sauroniops naida",19.1872084504714,"jouvenile"
"536",57.6145941172833,14.4572065087295,19,"blue",13,1622.32506569148,"Sauroniops naida",19.2036431111032,"jouvenile"
"537",54.2639132450315,15.0299526726208,14,"blue",38,1843.07774992534,"Sauroniops naida",22.5060691394547,"jouvenile"
"538",42.9758501863376,12.1840734871353,0,"blue",18,968.525310952089,"Sauroniops reike",29.0875947361345,"dragonling"
"539",45.5567873470082,11.4698569253546,2,"blue",18,981.781455450567,"Sauroniops reike",24.3677861886562,"dragonling"
"540",56.6408391755281,15.0230246011731,11,"blue",33,1684.09751551085,"Sauroniops naida",20.6472528039859,"jouvenile"
"541",56.0116158094839,16.1156762623976,4,"blue",15,1089.37422903055,"Sauroniops reike",22.6493940228923,"jouvenile"
"542",52.3962893400801,14.6041210381917,2,"blue",20,1046.58700176947,"Sauroniops reike",23.4551716404935,"jouvenile"
"543",42.1333232455208,11.656670427516,16,"blue",16,1456.22371563795,"Sauroniops naida",28.9525848010765,"jouvenile"
"544",52.8700435683541,13.5590666714227,2,"blue",21,1086.46584807682,"Sauroniops reike",21.3882235513279,"jouvenile"
"545",51.5813442219073,13.0003193661576,2,"blue",19,1102.19317545915,"Sauroniops reike",21.5443286231346,"jouvenile"
"546",45.7010371263915,11.4865463595016,2,"blue",9,911.868744651412,"Sauroniops reike",24.2494343716693,"dragonling"
"547",43.7527130504475,11.4558753453533,19,"blue",17,1623.46197636925,"Sauroniops naida",26.3865467986634,"jouvenile"
"548",39.3097192752808,10.0025739066931,6,"blue",33,1399.44862972367,"Sauroniops naida",28.5414569907649,"jouvenile"
"549",51.1475779929371,12.8476925221384,10,"blue",20,1385.85104859262,"Sauroniops naida",21.6540553668895,"jouvenile"
"550",53.2493088216151,15.9984902116281,13,"blue",27,1690.46355602718,"Sauroniops naida",24.8779909246858,"jouvenile"
"551",41.603592422099,11.6869841804906,9,"blue",29,1490.96427379565,"Sauroniops naida",29.7717967298352,"jouvenile"
"552",61.5214773095827,17.7518423211352,1,"blue",9,856.61115239863,"Sauroniops reike",20.6801733836513,"dragonling"
"553",46.2800558122528,13.0285530775574,25,"blue",16,1902.81285752662,"Sauroniops naida",26.8208596565064,"jouvenile"
"554",44.3656823951465,11.1910961829054,10,"blue",27,1503.84411854423,"Sauroniops naida",25.0693198708142,"jouvenile"
"555",51.9177265571374,14.1679276496204,14,"blue",24,1651.13693604359,"Sauroniops naida",23.176041081851,"jouvenile"
"556",48.8764780018871,12.7012459934787,2,"blue",21,1087.86135356735,"Sauroniops reike",23.4428698015739,"jouvenile"
"557",36.9382021770162,9.71516815778569,0,"blue",8,762.410785656514,"Sauroniops reike",31.3951866354385,"dragonling"
"558",53.4266336813622,14.3514048324491,5,"blue",32,1444.09949995771,"Sauroniops naida",22.1688440718352,"jouvenile"
"559",51.0656053764867,12.9436695648617,13,"blue",29,1681.21334847007,"Sauroniops naida",21.8859147372123,"jouvenile"
"560",62.2059747254885,17.6768898863584,3,"blue",19,1011.35722656355,"Sauroniops reike",20.1421540208297,"jouvenile"
"561",70.1000123207625,18.5248284180503,6,"blue",32,1507.2287585235,"Sauroniops naida",16.6219610624128,"jouvenile"
"562",48.7453261300123,12.6236969666356,5,"blue",32,1443.30374687406,"Sauroniops naida",23.4252834724122,"jouvenile"
"563",47.3863566561873,12.1279330970558,13,"blue",7,1157.74747714942,"Sauroniops reike",23.814661339909,"jouvenile"
"564",56.7092843267207,16.9996545416209,1,"blue",16,947.089897424262,"Sauroniops reike",23.3075174499361,"dragonling"
"565",56.5511177859781,14.1834659034001,7,"blue",29,1457.84528050716,"Sauroniops naida",19.5552889240622,"jouvenile"
"566",37.7682601658285,11.1676846759865,10,"blue",32,1665.72377722723,"Sauroniops naida",34.520210867947,"jouvenile"
"567",45.3193206110166,13.0066275575554,4,"blue",22,1227.35104004601,"Sauroniops naida",27.9230065535026,"jouvenile"
"568",58.2749867587733,15.354305725489,1,"black",4,703.095827039281,"Jaggermeryx ozzyi",19.9356349197453,"dragonling"
"569",32.3042943803223,8.45373193429788,6,"blue",36,1564.78084028758,"Sauroniops naida",35.7184174764267,"jouvenile"
"570",59.3834936365414,15.066903831156,8,"blue",15,1231.1332540259,"Sauroniops naida",18.8389538712436,"jouvenile"
"571",49.8148335839954,14.6865180605544,1,"blue",17,991.460630616555,"Sauroniops reike",26.0955065282026,"dragonling"
"572",60.5177180223404,15.5876103303454,19,"black",11,1481.3825020053,"Jaggermeryx whido",18.7663023304355,"jouvenile"
"573",42.4726359946335,13.3397033890766,13,"blue",21,1540.12641261638,"Sauroniops naida",32.6055850271208,"jouvenile"
"574",50.8824693428017,15.1113420187549,0,"blue",39,1277.08095448701,"Sauroniops naida",25.7354004912113,"jouvenile"
"575",37.6891612545899,10.2205301705639,4,"blue",5,767.771679815757,"Sauroniops reike",31.725226719685,"dragonling"
"576",46.316165582363,14.7305851393311,3,"blue",6,716.193540587922,"Sauroniops reike",30.2774334270156,"dragonling"
"577",45.9085563092326,14.009313800405,6,"blue",37,1479.95332010922,"Sauroniops naida",29.3085172175022,"jouvenile"
"578",39.9504618136135,11.3565962811027,2,"blue",33,1367.88565172218,"Sauroniops naida",31.3739235789689,"jouvenile"
"579",43.4423588379298,14.3230127284256,10,"blue",5,1107.80689739112,"Sauroniops reike",33.4635364649056,"jouvenile"
"580",40.1255847541346,10.2697154025014,7,"blue",22,1335.72866521024,"Sauroniops naida",28.1241829643581,"jouvenile"
"581",43.9892829318706,12.5064219542216,1,"blue",24,1136.92244062727,"Sauroniops reike",28.4972903386547,"jouvenile"
"582",48.8852126531899,12.6355636321179,12,"blue",8,1157.18230027671,"Sauroniops reike",23.3133056108887,"jouvenile"
"583",62.0014724242435,16.1902074225929,6,"blue",12,968.714973101622,"Sauroniops reike",18.5700323893115,"dragonling"
"584",45.8912131414282,11.5217556444129,12,"blue",6,1097.09179064098,"Sauroniops reike",24.1225846181546,"jouvenile"
"585",47.0827703245085,11.915931076559,3,"blue",31,1338.72698329578,"Sauroniops naida",23.7010846000816,"jouvenile"
"586",50.9172619154358,14.3461511857056,13,"blue",21,1444.41628966809,"Sauroniops naida",24.3988622836087,"jouvenile"
"587",59.2115041372841,15.4749904298575,25,"blue",3,1555.35697498208,"Sauroniops naida",19.4617754424314,"jouvenile"
"588",36.1379245911952,10.5354796938574,7,"blue",2,856.202511494303,"Sauroniops reike",35.5706789543888,"dragonling"
"589",53.2880285710841,15.9923919278054,25,"blue",35,2210.63160656206,"Sauroniops naida",24.8323815548033,"adult"
"590",55.0981816371009,13.9219535836261,8,"blue",33,1576.18245794576,"Sauroniops naida",20.2204075061021,"jouvenile"
"591",39.3302670738127,11.3433010624931,39,"blue",20,2570.89392814744,"Sauroniops naida",32.3332918921044,"adult"
"592",59.6031363110739,14.9918875151251,9,"blue",33,1632.40370240457,"Sauroniops naida",18.6072564992137,"jouvenile"
"593",54.0443407753278,16.3374100886882,10,"blue",28,1460.31612433417,"Sauroniops naida",24.6630633291946,"jouvenile"
"594",63.9094267024852,17.433572627129,6,"blue",13,1070.44577098772,"Sauroniops reike",18.8200514755055,"jouvenile"
"595",43.7310806848745,13.4528966824079,20,"blue",4,1406.89910615054,"Sauroniops naida",31.0169894535448,"jouvenile"
"596",48.932063822858,14.3828526317837,15,"blue",28,1765.49460655357,"Sauroniops naida",26.4863564060132,"jouvenile"
"597",44.7484533073429,12.0452702891139,12,"blue",21,1493.0790325564,"Sauroniops naida",26.5231283606988,"jouvenile"
"598",43.0929578651058,11.8437199637519,10,"blue",6,1133.07489261068,"Sauroniops reike",28.1215837690825,"jouvenile"
"599",41.7659039331686,11.099060818136,2,"blue",0,611.878067614412,"Sauroniops reike",28.0547702084333,"dragonling"
"600",39.0089094741795,10.275280314278,4,"blue",35,1438.4927398571,"Sauroniops naida",29.7735290623983,"jouvenile"
"601",44.9856900709859,11.4085567110961,14,"blue",7,1325.79416835792,"Sauroniops naida",24.8568554623017,"jouvenile"
"602",56.1536728040107,14.1216035577886,32,"blue",25,2346.30914985669,"Sauroniops naida",19.7465821371399,"adult"
"603",53.9967939175006,14.5038875571798,44,"blue",38,3041.91470081026,"Sauroniops naida",21.9337420133388,"adult"
